activity,evolution,previousActivity,complex,complexOnPath,area,largestSpotArea,x-class
1.0,0.0006448588613701507,0.400409368796142,0.27916034948565716,0.14525572519654162,0.24567236844363058,,0.12261949874382884
0.0006448588613701507,1.0,-0.01556173679438593,-0.16038827892276866,0.02928809263906946,0.0689119790970584,,0.02783343916029075
0.400409368796142,-0.01556173679438593,1.0,0.1643486562637149,0.06969202592791322,0.26860723504031536,,0.12355358320072243
0.27916034948565716,-0.16038827892276866,0.1643486562637149,1.0,0.07389061774318305,0.19566913984423173,,0.0790304555283525
0.14525572519654162,0.02928809263906946,0.06969202592791322,0.07389061774318305,1.0,0.06086380603885117,,0.0245827948151097
0.24567236844363058,0.0689119790970584,0.26860723504031536,0.19566913984423173,0.06086380603885117,1.0,,0.3348326934320679
,,,,,,,
0.12261949874382884,0.02783343916029075,0.12355358320072243,0.0790304555283525,0.0245827948151097,0.3348326934320679,,1.0
